일자,시가,고가,저가,종가,거래량,변화량
20201230,285000,293000,284000,292500,1190327,0.0
20201229,281500,285000,280500,283000,506090,0.03356890459363958
20201228,282000,282500,280000,281000,537848,0.0071174377224199285
20201224,284500,284500,280000,282000,453095,-0.0035460992907801418
20201223,288500,289000,283000,284000,508019,-0.007042253521126761
20201222,285000,293500,284000,284000,750095,0.0
20201221,284000,285500,280000,284000,473545,0.0
20201218,284000,285500,282000,282500,487305,0.005309734513274336
20201217,286000,287000,282000,285000,522344,-0.008771929824561403
20201216,286500,287000,283000,285500,381896,-0.0017513134851138354
20201215,286500,287500,282500,283000,491995,0.0088339222614841
20201214,292500,294000,286000,286000,555272,-0.01048951048951049
20201211,288000,291500,287500,290000,503588,-0.013793103448275862
20201210,288000,290000,284500,286000,959427,0.013986013986013986
20201209,285500,289000,285000,288000,533304,-0.006944444444444444
20201208,291500,291500,285000,285000,566981,0.010526315789473684
20201207,300000,300500,288000,289500,821860,-0.015544041450777202
20201204,287500,295500,284500,294000,1174932,-0.015306122448979591
20201203,285000,287000,283500,287000,740985,0.024390243902439025
20201202,287000,287000,282000,283500,601596,0.012345679012345678
20201201,282000,286000,280000,285500,709278,-0.0070052539404553416
20201130,286000,286500,277500,277500,1176272,0.02882882882882883
20201127,287000,287500,283000,284500,417510,-0.02460456942003515
20201126,280000,285500,280000,285500,797094,-0.0035026269702276708
20201125,287000,287000,278500,278500,909937,0.025134649910233394
20201124,281500,287000,280000,282500,809745,-0.01415929203539823
20201123,282000,282500,278500,281500,565213,0.003552397868561279
20201120,281500,283500,278500,281000,439077,0.0017793594306049821
20201119,282500,284000,279500,280500,520114,0.0017825311942959
20201118,274500,283500,274000,281000,912899,-0.0017793594306049821
20201117,277500,278000,273500,275000,816320,0.02181818181818182
20201116,282500,283000,277500,278000,887878,-0.01079136690647482
20201113,277500,282000,277500,281000,710865,-0.010676156583629894
20201112,283000,285500,279000,279000,1016673,0.007168458781362007
20201111,281000,283000,277500,280000,1183499,-0.0035714285714285713
20201110,287000,288000,282000,283000,1728995,-0.01060070671378092
20201109,304000,304500,298000,298000,678531,-0.050335570469798654
20201106,303000,307000,299000,301000,968971,-0.009966777408637873
20201105,295000,302000,291500,299000,1082388,0.006688963210702341
20201104,282500,300500,282000,298500,1623712,0.0016750418760469012
20201103,284000,287000,280000,283000,1066923,0.054770318021201414
20201102,292000,293000,285500,285500,503831,-0.008756567425569177
20201030,299000,300000,290000,290000,939833,-0.015517241379310345
20201029,297000,301000,294500,298500,785050,-0.02847571189279732
20201028,282000,298500,281500,298500,698195,0.0
20201027,281500,288500,280500,283500,2071432,0.05291005291005291
20201026,286500,289000,281500,281500,349163,0.007104795737122558
20201023,295500,295500,286000,286500,451654,-0.017452006980802792
20201022,295000,296000,292000,293000,416425,-0.02218430034129693
20201021,292500,301000,291000,297500,640501,-0.015126050420168067
20201020,286500,291000,281000,290000,535870,0.02586206896551724
20201019,293500,296500,286000,286000,434420,0.013986013986013986
20201016,292500,297500,291500,293500,446832,-0.02555366269165247
20201015,300500,300500,291000,292500,624097,0.003418803418803419
20201014,295000,301000,293000,298500,759464,-0.020100502512562814
20201013,292000,298000,292000,295000,636487,0.011864406779661017
20201012,303000,303000,291500,292000,914860,0.010273972602739725
20201008,307500,307500,300000,301000,756735,-0.029900332225913623
20201007,302000,305000,299500,305000,534644,-0.013114754098360656
20201006,299500,307500,296500,305000,868540,0.0
20201005,297500,299000,289500,298500,906516,0.021775544388609715
20200929,303000,303000,294000,296500,765489,0.006745362563237774
20200928,297000,302000,296000,298500,724465,-0.006700167504187605
20200925,296000,297500,289500,295000,648182,0.011864406779661017
20200924,291500,295500,287000,294000,848971,0.003401360544217687
20200923,290000,298000,285500,296500,984136,-0.008431703204047217
20200922,290500,295000,282000,284500,864846,0.0421792618629174
20200921,297000,301500,292000,292000,656024,-0.025684931506849314
20200918,299500,302000,296000,298000,750488,-0.020134228187919462
20200917,302500,304000,299000,300500,823516,-0.008319467554076539
20200916,311500,312000,306000,307000,696219,-0.021172638436482084
20200915,304000,314000,303000,312000,797985,-0.016025641025641024
20200914,307500,308000,300000,303000,608816,0.0297029702970297
20200911,302500,307000,301000,306000,517023,-0.00980392156862745
20200910,309000,311000,305000,307500,834946,-0.004878048780487805
20200909,303000,307000,300000,304500,925825,0.009852216748768473
20200908,316000,318000,305500,311000,989171,-0.02090032154340836
20200907,325500,325500,313500,314500,1308247,-0.011128775834658187
20200904,322500,335000,322000,328500,1174337,-0.0426179604261796
20200903,333500,339500,329500,339000,776547,-0.030973451327433628
20200902,332500,335500,327000,332500,808064,0.019548872180451128
20200901,322500,329500,322000,324500,691864,0.02465331278890601
20200831,336500,340000,322000,322500,1528978,0.006201550387596899
20200828,337000,338500,329500,333000,969408,-0.03153153153153153
20200827,337000,347000,336500,337000,1232239,-0.011869436201780416
20200826,321500,338500,321000,334000,1155853,0.008982035928143712
20200825,323000,325000,317000,325000,897649,0.027692307692307693
20200824,313000,320000,310000,320000,783392,0.015625
20200821,311500,314500,308000,312500,781961,0.024
20200820,315000,319000,302500,305500,1186809,0.022913256955810146
20200819,311500,316000,305500,315000,941038,-0.03015873015873016
20200818,307500,317500,305000,307500,1494966,0.024390243902439025
20200814,305000,308500,303000,305000,608156,0.00819672131147541
20200813,310000,311500,304000,307000,1406370,-0.006514657980456026
20200812,308000,311000,303500,305000,856711,0.006557377049180328
20200811,311000,314500,307500,311500,665863,-0.02086677367576244
20200810,308500,314500,303500,313500,968592,-0.006379585326953748
20200807,324500,325500,312000,314000,1063254,-0.0015923566878980893
20200806,313000,322000,310500,322000,1032045,-0.024844720496894408
20200805,312000,314500,306500,313500,809939,0.02711323763955343
20200804,317500,322000,307500,311000,1330818,0.008038585209003215
20200803,301500,314500,299000,314500,1341104,-0.011128775834658187
20200731,299000,303000,296500,301000,1567503,0.044850498338870434
20200730,296000,297500,291000,294000,1150474,0.023809523809523808
20200729,286000,292000,283000,292000,964066,0.00684931506849315
20200728,289500,292000,284000,288000,978238,0.013888888888888888
20200727,281000,287500,276500,284500,691075,0.012302284710017574
20200724,281000,290500,278500,281000,1233584,0.012455516014234875
20200723,272000,284000,271000,284000,1396607,-0.01056338028169014
20200722,264000,272500,261500,270000,905784,0.05185185185185185
20200721,273000,273500,269000,270000,1179638,0.0
20200720,276500,278000,260500,263000,1556415,0.026615969581749048
20200717,270000,279500,266000,276000,926932,-0.04710144927536232
20200716,283000,285000,272000,273000,1338814,0.01098901098901099
20200715,290500,293000,280500,286500,1276196,-0.04712041884816754
20200714,290000,291000,285000,287000,1360849,-0.0017421602787456446
20200713,303500,303500,288000,297000,1254800,-0.03367003367003367
20200710,291500,308500,290000,299000,2120904,-0.006688963210702341
20200709,286500,296500,284500,287500,2006662,0.04
20200708,280000,284500,274000,282500,1353345,0.017699115044247787
20200707,285000,289500,279000,279500,1365047,0.01073345259391771
20200706,278000,287500,278000,281500,1211636,-0.007104795737122558
20200703,276500,280500,274500,277500,971940,0.014414414414414415
20200702,274000,277000,271000,277000,1015829,0.0018050541516245488
20200701,270000,275000,266000,269000,655711,0.02973977695167286
20200630,268000,270500,263000,267000,862860,0.00749063670411985
20200629,265000,270500,261000,264000,814814,0.011363636363636364
20200626,274500,275000,263000,269000,937593,-0.01858736059479554
20200625,273500,276500,269500,269500,1196267,-0.0018552875695732839
20200624,273500,279500,270500,279000,995065,-0.034050179211469536
20200623,272000,289000,270500,276000,2104075,0.010869565217391304
20200622,249500,271500,247500,270000,1841479,0.022222222222222223
20200619,250000,250000,244000,249500,919945,0.08216432865731463
20200618,251500,254000,247000,247500,744330,0.00808080808080808
20200617,244000,252000,243500,251000,1357900,-0.013944223107569721
20200616,239000,243500,236000,243500,1155474,0.030800821355236138
20200615,240000,244500,230500,231500,1311773,0.05183585313174946
20200612,229000,242500,228500,242000,1318334,-0.04338842975206612
20200611,244000,249000,239000,240500,1423978,0.006237006237006237
20200610,241000,247500,240000,244000,1431071,-0.014344262295081968
20200609,240000,243000,235500,237500,934440,0.02736842105263158
20200608,234500,242000,231000,240500,1624752,-0.012474012474012475
20200605,229000,231000,225000,231000,1061922,0.04112554112554113
20200604,228000,235000,227000,232500,1052789,-0.0064516129032258064
20200603,235000,235500,225000,225500,1476614,0.031042128603104215
20200602,235000,236000,232000,234000,689584,-0.03632478632478633
20200601,233500,237000,230000,237000,1140644,-0.012658227848101266
20200529,240000,243000,226000,226000,3114298,0.048672566371681415
20200528,226000,241000,222000,240500,1625154,-0.060291060291060294
20200527,231000,234500,226500,228500,1351505,0.0525164113785558
20200526,244000,246000,230000,239000,1568016,-0.043933054393305436
20200525,234500,241000,234000,241000,1015069,-0.008298755186721992
20200522,227000,232500,222500,230500,1108281,0.0455531453362256
20200521,227500,233500,222500,225000,1004395,0.024444444444444446
20200520,215500,225500,215000,222000,977544,0.013513513513513514
20200519,215000,216500,210500,213500,917603,0.03981264637002342
20200518,215000,218000,211500,215000,638906,-0.0069767441860465115
20200515,219000,219500,209500,213000,1050469,0.009389671361502348
20200514,214500,222000,214500,219000,866427,-0.0273972602739726
20200513,217500,222500,213500,218500,1014692,0.002288329519450801
20200512,218000,226500,215000,219500,1056584,-0.004555808656036446
20200511,214500,221000,214000,214500,599328,0.023310023310023312
20200508,216000,218500,212000,214000,732394,0.002336448598130841
20200507,211500,220000,210500,215500,984024,-0.0069605568445475635
20200506,201500,212500,200500,212000,992225,0.01650943396226415
20200504,198500,203000,193500,199000,1104027,0.06532663316582915
20200429,199500,200000,196500,197500,676743,0.007594936708860759
20200428,197500,198000,194500,198000,433549,-0.0025252525252525255
20200427,193000,200000,192500,197500,927347,0.002531645569620253
20200424,189000,197500,189000,192500,928695,0.025974025974025976
20200423,190000,196000,186500,190000,1521478,0.013157894736842105
20200422,175000,182500,173000,182000,611589,0.04395604395604396
20200421,180500,181500,173500,178500,759150,0.0196078431372549
20200420,181000,182000,179000,180000,663723,-0.008333333333333333
20200417,175500,180000,173500,179000,900031,0.00558659217877095
20200416,168000,172500,167500,170500,841066,0.04985337243401759
20200414,168000,170000,166500,168500,520725,0.011869436201780416
20200413,164500,168000,162500,166000,413768,0.015060240963855422
20200410,166000,167000,164000,166500,483720,-0.003003003003003003
20200409,168500,169000,165000,167500,682921,-0.005970149253731343
20200408,169000,169500,166500,166500,588577,0.006006006006006006
20200407,174000,174500,167500,169500,873091,-0.017699115044247787
20200406,173500,176000,170500,173000,655547,-0.02023121387283237
20200403,170000,172500,168000,172000,663454,0.005813953488372093
20200402,166500,175000,164500,173500,1086863,-0.008645533141210375
20200401,166500,171000,163000,163000,720283,0.06441717791411043
20200331,163500,171000,163500,170000,858165,-0.041176470588235294
20200330,160000,165000,159000,162500,630830,0.046153846153846156
20200327,161500,164500,158500,164000,1217815,-0.009146341463414634
20200326,156000,158000,149500,152500,988725,0.07540983606557378
20200325,160500,163000,152000,156000,1039579,-0.022435897435897436
20200324,151500,157000,148000,156000,960786,0.0
20200323,141500,149500,140000,143000,1033851,0.09090909090909091
20200320,147500,156500,146000,154000,997895,-0.07142857142857142
20200319,150000,151500,135000,144000,1154230,0.06944444444444445
20200318,152500,156000,146000,146000,666723,-0.0136986301369863
20200317,147500,155500,147000,151000,979243,-0.033112582781456956
20200316,166000,166500,155000,155000,812823,-0.025806451612903226
20200313,151000,168000,149500,166000,1242510,-0.06626506024096386
20200312,170000,170000,161000,166500,980814,-0.003003003003003003
20200311,172000,174000,167500,170000,483822,-0.020588235294117647
20200310,168000,176000,165000,172000,666532,-0.011627906976744186
20200309,174500,174500,167500,168000,668089,0.023809523809523808
20200306,179500,181000,177500,179500,293897,-0.06406685236768803
20200305,180500,181000,178500,181000,483840,-0.008287292817679558
20200304,174500,179500,173000,178500,450252,0.014005602240896359
20200303,179000,180000,174000,175000,544379,0.02
20200302,175000,177000,172500,175000,659376,0.0
20200228,179000,180000,172000,174000,830654,0.005747126436781609
20200227,185000,187000,179000,182000,535696,-0.04395604395604396
20200226,189500,190000,186500,187000,494066,-0.026737967914438502
20200225,184000,191000,183500,190500,704859,-0.01837270341207349
20200224,185500,187500,183500,184000,567036,0.035326086956521736
20200221,187500,191000,187000,189500,434019,-0.029023746701846966
20200220,189500,191500,187500,190000,427402,-0.002631578947368421
20200219,188000,191000,185000,189500,560743,0.002638522427440633
20200218,186500,188500,185500,186500,345642,0.0160857908847185
20200217,184500,189000,184500,188500,312407,-0.010610079575596816
20200214,184000,187500,184000,186500,659429,0.010723860589812333
20200213,184000,185000,183000,184500,555923,0.01084010840108401
20200212,183000,185000,181500,185000,351892,-0.002702702702702703
20200211,183500,185000,183000,184500,400386,0.0027100271002710027
20200210,182500,184000,180500,183500,433051,0.005449591280653951
20200207,181500,188500,181000,185000,728633,-0.008108108108108109
20200206,182500,183500,180500,181500,659850,0.01928374655647383
20200205,181000,183500,178500,181500,653809,0.0
20200204,177500,181500,175000,180500,563463,0.00554016620498615
20200203,178000,180500,176000,177500,485913,0.016901408450704224
20200131,180000,180500,177500,179500,537062,-0.011142061281337047
20200130,179500,183000,175000,180000,772160,-0.002777777777777778
20200129,183000,183500,180000,180000,434897,0.0
20200128,182000,184500,178000,178500,476253,0.008403361344537815
20200123,185000,185500,181500,183000,375929,-0.02459016393442623
20200122,185000,190000,184500,186000,429852,-0.016129032258064516
20200121,187500,189500,181000,182000,547678,0.02197802197802198
20200120,190000,190500,187000,187500,454733,-0.029333333333333333
20200117,190500,192500,189500,191000,286019,-0.01832460732984293
20200116,190000,192500,189000,191500,245107,-0.0026109660574412533
20200115,189500,192000,188500,191500,323778,0.0
20200114,188000,194500,188000,190500,501286,0.005249343832020997
20200113,187500,188500,186000,188000,337749,0.013297872340425532
20200110,185000,188000,184000,188000,398739,0.0
20200109,183500,186500,183500,186000,531355,0.010752688172043012
20200108,182000,183500,179000,183000,820867,0.01639344262295082
20200107,182500,187000,181500,187000,328624,-0.0213903743315508
20200106,180000,182000,178000,180500,287970,0.036011080332409975
20200103,185000,186000,180500,181500,454492,-0.005509641873278237
20200102,187500,188000,182000,182500,300640,-0.005479452054794521
20191230,183500,190000,183500,186500,376541,-0.021447721179624665
20191227,182000,185000,179000,183500,323473,0.01634877384196185
20191226,181500,183000,179000,180500,173426,0.01662049861495845
20191224,184000,184000,179000,182000,193440,-0.008241758241758242
20191223,185000,185500,182000,184000,250256,-0.010869565217391304
20191220,180000,187000,179500,183500,560761,0.0027247956403269754
20191219,175000,179500,175000,179000,296857,0.025139664804469275
20191218,180000,180000,175000,178500,310567,0.0028011204481792717
20191217,180000,181000,178000,180500,370752,-0.0110803324099723
20191216,175000,180000,174000,179500,335819,0.005571030640668524
20191213,177500,177500,173000,175500,317833,0.022792022792022793
20191212,174500,176500,173000,175500,609714,0.0
20191211,175000,175500,173500,174000,200711,0.008620689655172414
20191210,174500,175500,173000,174500,215711,-0.0028653295128939827
20191209,174000,175500,173000,175000,271990,-0.002857142857142857
20191206,172000,174500,170500,174000,208849,0.005747126436781609
20191205,173000,174000,170000,170500,271499,0.020527859237536656
20191204,172000,175500,171000,174500,228851,-0.022922636103151862
20191203,170500,173500,168500,172000,245675,0.014534883720930232
20191202,172500,175000,170000,171500,275601,0.0029154518950437317
20191129,173000,173500,168500,172000,349615,-0.0029069767441860465
20191128,172500,174500,170000,173000,252885,-0.005780346820809248
20191127,175000,175500,172000,172500,299949,0.002898550724637681
20191126,173500,175500,171500,173000,774461,-0.002890173410404624
20191125,168000,174500,167000,174000,490795,-0.005747126436781609
20191122,169500,171000,165500,167500,481529,0.03880597014925373
20191121,169000,172500,168000,170000,543754,-0.014705882352941176
20191120,170500,174000,168000,169500,602206,0.0029498525073746312
20191119,174500,176000,169500,170500,1055749,-0.005865102639296188
20191118,177500,181500,172500,178500,876975,-0.04481792717086835
20191115,177000,179000,173000,173500,886846,0.02881844380403458
20191114,170000,180000,169500,180000,2042648,-0.03611111111111111
20191113,158500,159000,156000,158000,500221,0.13924050632911392
20191112,164000,164000,160000,162000,236652,-0.024691358024691357
20191111,163500,165000,162500,163000,231149,-0.006134969325153374
20191108,165000,165000,162000,163500,306968,-0.0030581039755351682
20191107,162000,166500,161000,165500,390866,-0.012084592145015106
20191106,161500,164000,160500,161500,332755,0.02476780185758514
20191105,164000,164500,159500,161500,662116,0.0
20191104,165500,167000,162000,164500,455199,-0.0182370820668693
20191101,166000,168500,164000,167000,720358,-0.014970059880239521
20191031,159000,167000,157500,164000,1409619,0.018292682926829267
20191030,152000,154500,151500,154500,290658,0.061488673139158574
20191029,157500,158000,152000,153000,321007,0.00980392156862745
20191028,152500,158000,152500,157000,335238,-0.025477707006369428
20191025,151000,153500,151000,152500,162510,0.029508196721311476
20191024,151500,153000,150500,153000,224666,-0.0032679738562091504
20191023,152000,153500,151500,152500,226744,0.003278688524590164
20191022,150500,154500,150500,154000,360102,-0.00974025974025974
20191021,151500,153500,149000,152000,245735,0.013157894736842105
20191018,151500,153500,150000,150500,245740,0.009966777408637873
20191017,155000,156500,152000,153000,280276,-0.016339869281045753
20191016,151500,155000,151000,154500,280882,-0.009708737864077669
20191015,156500,156500,150500,151500,297569,0.019801980198019802
20191014,156000,156500,153500,156000,246407,-0.028846153846153848
20191011,156500,157000,153500,156000,216730,0.0
20191010,151500,155500,150500,153500,404228,0.016286644951140065
20191008,154500,154500,151500,153500,250805,0.0
20191007,150500,153500,150000,153000,387749,0.0032679738562091504
20191004,155500,159000,148500,150500,602642,0.016611295681063124
20191002,159000,160000,156500,157000,203708,-0.041401273885350316
20191001,157500,160000,157000,160000,260668,-0.01875
20190930,155000,157500,154500,157000,313910,0.01910828025477707
20190927,158500,158500,154500,156000,241249,0.00641025641025641
20190926,157500,159000,156500,158000,313084,-0.012658227848101266
20190925,155500,159000,155500,158000,274586,0.0
20190924,157000,158500,155500,158000,195994,0.0
20190923,157500,158000,155500,157000,204570,0.006369426751592357
20190920,156000,158000,156000,157000,390181,0.0
20190919,157000,158000,156000,157500,377446,-0.0031746031746031746
20190918,156000,159500,155500,159000,465208,-0.009433962264150943
20190917,153000,155500,153000,155000,304106,0.025806451612903226
20190916,154500,156500,153500,154500,449618,0.003236245954692557
20190911,150500,154000,150000,153500,738431,0.006514657980456026
20190910,153000,153000,150000,150500,297053,0.019933554817275746
20190909,149500,154000,148500,153000,464232,-0.016339869281045753
20190906,146000,150000,145500,149500,223250,0.023411371237458192
20190905,150000,151000,145000,147000,548033,0.017006802721088437
20190904,149500,151000,149000,151000,351494,-0.026490066225165563
20190903,151500,151500,149000,150500,308863,0.0033222591362126247
20190902,156000,156000,147500,150000,371788,0.0033333333333333335
20190830,146000,149000,144500,146500,424498,0.023890784982935155
20190829,146500,146500,143500,145000,408164,0.010344827586206896
20190828,146500,147500,144500,146500,309159,-0.010238907849829351
20190827,144000,147500,141500,146500,904199,0.0
20190826,145500,147000,143000,143500,423695,0.020905923344947737
20190823,149000,149000,145500,148500,491690,-0.03367003367003367
20190822,148000,150500,147500,148000,499537,0.0033783783783783786
20190821,144500,148500,142500,147500,514109,0.003389830508474576
20190820,139000,145500,139000,145500,556246,0.013745704467353952
20190819,139000,141000,138000,139000,487500,0.046762589928057555
20190816,138500,140500,137500,139500,351686,-0.0035842293906810036
20190814,142500,143000,138500,139000,433070,0.0035971223021582736
20190813,139000,144500,138500,142500,352863,-0.02456140350877193
20190812,142500,144500,140500,140500,217292,0.014234875444839857
20190809,142000,145000,140500,142500,368133,-0.014035087719298246
20190808,139500,142000,136500,140000,496443,0.017857142857142856
20190807,139000,139500,136000,137500,336416,0.01818181818181818
20190806,134000,140000,132000,138500,610095,-0.007220216606498195
20190805,141000,142000,135500,138000,733982,0.0036231884057971015
20190802,139000,142500,138500,142000,484009,-0.028169014084507043
20190801,139500,141500,138500,140500,460049,0.010676156583629894
20190731,139000,139500,136000,138000,361525,0.018115942028985508
20190730,140000,140500,136500,138500,364674,-0.0036101083032490976
20190729,139500,141000,137000,138500,583629,0.0
20190726,137500,142000,136500,141000,1440686,-0.01773049645390071
20190725,125500,134500,125000,134000,1635774,0.05223880597014925
20190724,122500,124500,122500,123500,606769,0.08502024291497975
20190723,122500,123000,122000,122500,358255,0.00816326530612245
20190722,122000,122500,120500,121000,346897,0.012396694214876033
20190719,121000,123000,121000,122500,445122,-0.012244897959183673
20190718,118500,122000,118500,120500,267715,0.016597510373443983
20190717,120000,120000,118000,119000,205316,0.012605042016806723
20190716,119000,120500,117500,120000,391260,-0.008333333333333333
20190715,118000,120000,116500,118000,263893,0.01694915254237288
20190712,117000,118500,116500,117000,160685,0.008547008547008548
20190711,115500,118000,115500,117000,293389,0.0
20190710,116500,119000,115500,115500,267438,0.012987012987012988
20190709,118000,120000,115000,115500,460058,0.0
20190708,120500,121000,118000,118500,306897,-0.02531645569620253
20190705,118500,121500,118500,121000,409700,-0.02066115702479339
20190704,116000,119500,116000,118000,355658,0.025423728813559324
20190703,116000,118500,115000,117500,408701,0.00425531914893617
20190702,114000,115500,112000,115000,273980,0.021739130434782608
20190701,114500,115500,114000,114500,306736,0.004366812227074236
20190628,114500,115500,112500,114000,267404,0.0043859649122807015
20190627,115500,116000,113000,115000,375582,-0.008695652173913044
20190626,114500,116500,114000,115500,300077,-0.004329004329004329
20190625,114000,116000,113000,114500,473961,0.008733624454148471
20190624,113000,113500,112000,113500,254210,0.00881057268722467
20190621,112500,115000,111500,113000,555965,0.004424778761061947
20190620,110000,112000,109000,111500,282163,0.013452914798206279
20190619,110000,110000,107000,110000,483689,0.013636363636363636
20190618,109500,110000,106500,109000,791946,0.009174311926605505
20190617,111500,111500,110000,110500,475346,-0.013574660633484163
20190614,112000,113000,110500,111500,553083,-0.008968609865470852
20190613,114500,115500,112000,113000,551067,-0.01327433628318584
20190612,112000,114500,112000,114000,354664,-0.008771929824561403
20190611,114000,114500,112500,113000,423258,0.008849557522123894
20190610,111500,114500,111000,114000,464590,-0.008771929824561403
20190607,110000,112000,110000,111000,386800,0.02702702702702703
20190605,112000,112500,109500,110500,471689,0.004524886877828055
20190604,114000,114500,110500,111000,531826,-0.0045045045045045045
20190603,113000,115000,112000,115000,391824,-0.034782608695652174
20190531,111500,112500,110000,111500,310649,0.03139013452914798
20190530,110000,114000,109500,112000,378379,-0.004464285714285714
20190529,109000,111000,108500,109500,515196,0.0228310502283105
20190528,109500,112500,108500,108500,1490526,0.009216589861751152
20190527,112500,113000,109500,110500,369902,-0.01809954751131222
20190524,113000,115000,112500,113500,408081,-0.02643171806167401
20190523,112500,114000,110000,113000,545497,0.004424778761061947
20190522,115000,115000,111000,113000,567069,0.0
20190521,117500,119500,113500,114500,603105,-0.013100436681222707
20190520,121500,121500,118000,118500,449916,-0.03375527426160337
20190517,120000,123500,118500,121000,439545,-0.02066115702479339
20190516,120500,121000,118000,119000,484468,0.01680672268907563
20190515,121500,123000,120000,120000,460936,-0.008333333333333333
20190514,121000,123500,119500,122000,532037,-0.01639344262295082
20190513,121500,124000,121500,122500,343827,-0.004081632653061225
20190510,120500,123000,120000,122500,474352,0.0
20190509,122500,124000,119000,119000,799208,0.029411764705882353
20190508,122000,124000,122000,123500,317483,-0.03643724696356275
20190507,122000,125500,121500,124000,696627,-0.004032258064516129
20190503,122000,124500,121500,124000,705503,0.0
20190502,119000,124000,118500,122000,691901,0.01639344262295082
20190430,119000,120000,117500,119500,569162,0.02092050209205021
20190429,118500,120000,117000,120000,429353,-0.004166666666666667
20190426,120000,120500,117500,118000,544042,0.01694915254237288
20190425,122000,122000,120000,120500,720472,-0.02074688796680498
20190424,122000,122500,119500,121000,906235,-0.004132231404958678
20190423,119000,121000,119000,120500,815629,0.004149377593360996
20190422,118000,119500,117500,118000,531346,0.0211864406779661
20190419,119000,119000,117500,118000,247009,0.0
20190418,119000,120000,117000,118000,776721,0.0
20190417,120000,120000,119000,119500,639441,-0.012552301255230125
20190416,119500,120500,119000,119500,973625,0.0
20190415,119000,120000,118000,119500,596131,0.0
20190412,121500,122000,119500,119500,953216,0.0
20190411,121500,123000,121000,121500,615217,-0.01646090534979424
20190410,121500,122500,121000,122000,459206,-0.004098360655737705
20190409,121500,122500,121000,121500,423498,0.00411522633744856
20190408,122500,123000,121000,121500,393376,0.0
20190405,122500,123500,122000,123000,365838,-0.012195121951219513
20190404,122500,123500,121500,122500,361821,0.004081632653061225
20190403,123000,123500,121000,122000,958364,0.004098360655737705
20190402,124500,125500,123500,124500,471744,-0.020080321285140562
20190401,124000,125500,123500,124000,367014,0.004032258064516129
20190329,121500,124500,121500,124000,421477,0.0
20190328,122500,123000,120500,122000,449545,0.01639344262295082
20190327,126000,126000,122000,123000,429156,-0.008130081300813009
20190326,125500,127000,125000,126500,452377,-0.02766798418972332
20190325,126000,128000,125000,126000,279179,0.003968253968253968
20190322,127000,129500,126000,127000,379311,-0.007874015748031496
20190321,128500,131000,127000,128000,399492,-0.0078125
20190320,130000,131000,126500,128500,371499,-0.0038910505836575876
20190319,132000,132500,130000,130500,200830,-0.01532567049808429
20190318,131500,133500,131000,132000,248810,-0.011363636363636364
20190315,131000,132000,129500,130500,907507,0.011494252873563218
20190314,132500,133500,129000,131000,554454,-0.003816793893129771
20190313,129500,132000,128000,130500,268047,0.0038314176245210726
20190312,135000,135500,129500,130500,367651,0.0
20190311,131500,133500,131000,133500,151479,-0.02247191011235955
20190308,135500,136000,131500,133000,304114,0.0037593984962406013
20190307,139500,139500,136500,138500,254573,-0.039711191335740074
20190306,136500,139000,134500,137500,403724,0.007272727272727273
20190305,140000,140000,135000,135500,387063,0.014760147601476014
20190304,135000,139500,134000,138000,743644,-0.018115942028985508
20190228,130500,136000,130000,133000,584183,0.03759398496240601
20190227,132000,134000,129000,129500,322664,0.02702702702702703
20190226,126500,134000,126000,131500,591643,-0.015209125475285171
20190225,127000,128500,125500,126000,338113,0.04365079365079365
20190222,129500,129500,125000,127000,301395,-0.007874015748031496
20190221,126500,130000,126500,129000,347083,-0.015503875968992248
20190220,126500,128000,125500,127000,231753,0.015748031496062992
20190219,127000,128000,125500,126500,218351,0.003952569169960474
20190218,129500,131000,125500,127000,533191,-0.003937007874015748
20190215,128500,131000,127500,127500,420100,-0.00392156862745098
20190214,125000,130500,125000,127500,700427,0.0
20190213,123500,126500,123500,125000,373571,0.02
20190212,123500,124000,121500,123500,1160217,0.012145748987854251
20190211,127000,128500,125000,125500,801465,-0.01593625498007968
20190208,126500,129000,124500,126000,704393,-0.003968253968253968
20190207,132000,134000,128500,129000,737938,-0.023255813953488372
20190201,138000,140000,133000,133500,530284,-0.033707865168539325
20190131,138000,143500,136000,136000,1054276,-0.01838235294117647
20190130,139000,139500,133000,136000,462280,0.0
20190129,130000,136500,130000,136000,411369,0.0
20190128,129500,132500,129500,132000,283360,0.030303030303030304
20190125,127500,131000,127000,130000,281650,0.015384615384615385
20190124,131000,132500,127500,129500,562335,0.003861003861003861
20190123,130000,134500,130000,132500,259375,-0.022641509433962263
20190122,128500,130500,126500,130000,502285,0.019230769230769232
20190121,138000,138000,131000,131000,457161,-0.007633587786259542
20190118,137000,138500,136500,137500,328761,-0.04727272727272727
20190117,131500,138000,131500,136000,407099,0.011029411764705883
20190116,132500,135000,131000,132500,272719,0.026415094339622643
20190115,127500,132500,127500,132500,335999,0.0
20190114,130000,130500,125000,127000,525411,0.04330708661417323
20190111,133000,134500,130500,131000,322925,-0.030534351145038167
20190110,132000,134500,130000,131000,293112,0.0
20190109,131000,134500,129500,133000,381372,-0.015037593984962405
20190108,132000,134000,129000,130000,376127,0.023076923076923078
20190107,128000,132500,127000,131500,502619,-0.011406844106463879
20190104,123500,126000,122500,125500,520785,0.04780876494023904
20190103,120000,125000,119000,122000,525020,0.028688524590163935
20190102,121000,122000,117000,118000,356120,0.03389830508474576
20181228,122500,123000,120500,122000,322665,-0.03278688524590164
20181227,120500,123000,118500,122500,371637,-0.004081632653061225
20181226,121000,122000,117500,119000,275517,0.029411764705882353
20181224,122000,124500,121000,123000,278884,-0.032520325203252036
20181221,127000,127000,121000,121500,507653,0.012345679012345678
20181220,125500,128000,123500,127000,364624,-0.04330708661417323
20181219,123000,128500,122500,127500,385472,-0.00392156862745098
20181218,120500,124000,120000,122000,342972,0.045081967213114756
20181217,124000,124000,120500,122000,294847,0.0
20181214,123500,124000,121500,123500,259268,-0.012145748987854251
20181213,125500,125500,123000,124000,972556,-0.004032258064516129
20181212,124000,126000,122500,124500,490812,-0.004016064257028112
20181211,120000,123500,117500,123000,506349,0.012195121951219513
20181210,119000,121500,117500,119000,376421,0.03361344537815126
20181207,121500,123500,119500,121000,565663,-0.01652892561983471
20181206,123000,124000,119500,120000,445309,0.008333333333333333
20181205,124500,127000,123000,125000,308805,-0.04
20181204,127500,127500,122500,123500,512742,0.012145748987854251
20181203,130500,130500,125000,126000,486166,-0.01984126984126984
20181130,131000,131000,126000,126500,801837,-0.003952569169960474
20181129,133000,134000,129000,130500,559552,-0.03065134099616858
20181128,128500,130500,126500,129000,645902,0.011627906976744186
20181127,124000,129500,122500,125000,637199,0.032
20181126,115000,124500,114500,124000,805023,0.008064516129032258
20181123,110000,115500,109500,114000,691736,0.08771929824561403
20181122,107000,111500,107000,109500,504744,0.0410958904109589
20181121,105500,107000,104500,106500,525328,0.028169014084507043
20181120,110000,112000,107000,108000,693868,-0.013888888888888888
20181119,113000,114000,110500,111500,697289,-0.03139013452914798
20181116,113500,114500,111500,112500,872059,-0.008888888888888889
20181115,116000,116500,111500,112500,576671,0.0
20181114,115500,116500,114000,115500,335405,-0.025974025974025976
20181113,115500,117500,114000,116000,435937,-0.004310344827586207
20181112,114500,116500,114500,115000,260849,0.008695652173913044
20181109,115000,118000,115000,115000,295733,0.0
20181108,118000,120000,115500,116500,404191,-0.012875536480686695
20181107,117500,119000,113500,115500,385827,0.008658008658008658
20181106,114000,117500,113500,117000,453810,-0.01282051282051282
20181105,115000,115500,111500,113500,442640,0.030837004405286344
20181102,111500,118500,111500,116500,1320415,-0.02575107296137339
20181101,113500,116500,110500,111500,805655,0.04484304932735426
20181031,110500,115000,108500,114500,1016429,-0.026200873362445413
20181030,108000,112000,104000,110500,939865,0.03619909502262444
20181029,112500,113500,109000,109500,649910,0.0091324200913242
20181026,119000,119000,110000,113000,1544405,-0.030973451327433628
20181025,120500,121000,114000,119000,1529110,-0.05042016806722689
20181024,127500,129000,124500,127000,679196,-0.06299212598425197
20181023,129000,130000,123500,125500,822259,0.01195219123505976
20181022,127500,130000,125500,129000,324730,-0.027131782945736434
20181019,124500,127500,124000,127500,1114452,0.011764705882352941
20181018,128000,128000,123500,125000,880738,0.02
20181017,132500,134500,129500,130000,5304519,-0.038461538461538464
20181016,137500,138500,130000,133500,575704,-0.026217228464419477
20181015,138500,139000,135000,136000,642772,-0.01838235294117647
20181012,138000,142000,132500,142000,654013,-0.04225352112676056
20181011,140800,140800,140800,140800,0,0.008522727272727272
20181010,140800,140800,140800,140800,0,0.0
20181008,140800,140800,140800,140800,0,0.0
20181005,136400,143200,136400,140800,427980,0.0
20181004,140000,140400,137000,139000,353485,0.012949640287769784
20181002,143000,143000,137200,137800,744920,0.008708272859216255
20181001,143600,144400,142200,142600,211085,-0.033660589060308554
20180928,143400,143800,142600,143200,487325,-0.004189944134078212
20180927,143000,146000,142400,142600,390075,0.004207573632538569
20180921,148200,148600,144600,145000,375655,-0.016551724137931035
20180920,144400,146800,144400,146200,287195,-0.008207934336525308
20180919,145200,146800,145000,146200,276430,0.0
20180918,144000,145800,144000,145000,277260,0.008275862068965517
20180917,145000,146200,144600,145600,269755,-0.004120879120879121
20180914,145200,146600,144800,146000,365840,-0.0027397260273972603
20180913,147000,147000,144600,144600,514055,0.009681881051175657
20180912,146000,146800,145200,146000,291080,-0.009589041095890411
20180911,144600,146200,144400,145200,292970,0.005509641873278237
20180910,144000,146400,144000,145000,359830,0.001379310344827586
20180907,146400,147000,144400,146400,322865,-0.009562841530054645
20180906,147200,148000,145400,146000,352455,0.0027397260273972603
20180905,150600,150600,145400,147200,591425,-0.008152173913043478
20180904,151400,151400,149800,151000,187280,-0.025165562913907286
20180903,150600,151000,149400,150800,156035,0.001326259946949602
20180831,149400,151200,149200,150400,289765,0.0026595744680851063
20180830,149600,151400,149000,149200,238975,0.00804289544235925
20180829,151200,152000,149600,149600,274750,-0.00267379679144385
20180828,154400,154400,150600,151200,233335,-0.010582010582010581
20180827,152600,155000,152000,153800,223740,-0.016905071521456438
20180824,154200,155800,151000,151600,271300,0.014511873350923483
20180823,151000,154600,150400,154400,495420,-0.018134715025906734
20180822,149400,149600,148200,149400,239675,0.03346720214190094
20180821,150800,152200,149400,149400,241605,0.0
20180820,152800,153200,150600,151000,194680,-0.010596026490066225
20180817,150800,153600,149600,151000,193900,0.0
20180816,150000,152600,149000,150000,570495,0.006666666666666667
20180814,152000,153400,150800,151400,308015,-0.009247027741083224
20180813,153400,153400,150000,151000,418340,0.0026490066225165563
20180810,155400,156400,154000,154200,345420,-0.020752269779507133
20180809,150600,155800,149000,155800,665170,-0.010269576379974325
20180808,148400,151200,148400,150000,312410,0.03866666666666667
20180807,148400,150800,147200,148800,324185,0.008064516129032258
20180806,146600,149600,146200,147000,303035,0.012244897959183673
20180803,144600,146200,144200,146200,534385,0.005471956224350205
20180802,145600,147600,144200,145600,404885,0.004120879120879121
20180801,143600,145600,143000,145600,514795,0.0
20180731,145200,145600,142400,143200,618420,0.01675977653631285
20180730,149400,149600,145200,146000,543330,-0.019178082191780823
20180727,147000,150200,146600,150200,569095,-0.02796271637816245
20180726,150400,152200,143200,150200,1121260,0.0
20180725,151800,151800,148400,149200,472905,0.006702412868632708
20180724,155000,155200,148400,149000,422515,0.0013422818791946308
20180723,154200,155400,153000,154800,407150,-0.037467700258397935
20180720,153000,154400,151000,154000,252245,0.005194805194805195
20180719,154400,156000,152600,153000,252110,0.006535947712418301
20180718,152400,154200,151800,152800,158810,0.0013089005235602095
20180717,153800,153800,151000,151800,264885,0.006587615283267457
20180716,154200,154600,153400,154200,288625,-0.01556420233463035
20180713,156000,156400,153000,154200,379850,0.0
20180712,155000,156400,152800,156400,479835,-0.014066496163682864
20180711,152600,154200,151400,153800,434425,0.016905071521456438
20180710,151400,153600,151200,152000,375645,0.011842105263157895
20180709,149800,155800,149600,151000,471880,0.006622516556291391
20180706,151000,151600,149200,149800,409335,0.00801068090787717
20180705,151200,153800,151200,153000,286595,-0.02091503267973856
20180704,153800,155800,152000,153600,899695,-0.00390625
20180703,151800,152600,148600,149400,431525,0.028112449799196786
20180702,153000,153000,149000,150200,539590,-0.005326231691078562
20180629,150000,152800,149600,152600,779575,-0.015727391874180863
20180628,147600,150200,145200,149400,682685,0.0214190093708166
20180627,149400,149600,147800,147800,436380,0.010825439783491205
20180626,148400,149200,146000,147000,537640,0.005442176870748299
20180625,145600,150000,145400,149600,1276330,-0.017379679144385027
20180622,138000,144800,138000,144600,801570,0.034578146611341634
20180621,137000,140600,136800,139800,589410,0.034334763948497854
20180620,137800,138400,137400,137800,532395,0.01451378809869376
20180619,138000,138800,137600,137600,551610,0.0014534883720930232
20180618,138000,139000,137200,138800,529295,-0.008645533141210375
20180615,141000,141200,137400,138000,701510,0.005797101449275362
20180614,143800,145000,141000,141400,794555,-0.024045261669024046
20180612,142400,143800,140800,143400,621335,-0.01394700139470014
20180611,140200,142400,139000,142200,689250,0.008438818565400843
20180608,136000,141600,136000,140200,941455,0.014265335235378032
20180607,135000,136400,134800,136000,390905,0.030882352941176472
20180605,135600,136000,132800,134800,335760,0.008902077151335312
20180604,136200,137400,134200,134600,409355,0.0014858841010401188
20180601,134800,137200,134400,136000,457305,-0.010294117647058823
20180531,132000,134200,130800,133800,1050965,0.016442451420029897
20180530,133400,134000,129600,130400,669825,0.02607361963190184
20180529,135800,136000,133400,133600,467685,-0.023952095808383235
20180528,137000,137400,135800,136000,270430,-0.01764705882352941
20180525,137000,138800,136400,137000,378775,-0.0072992700729927005
20180524,136400,137000,135600,136000,222435,0.007352941176470588
20180523,136000,137600,135400,136800,430280,-0.005847953216374269
20180521,137200,138000,135200,136400,505590,0.002932551319648094
20180518,139400,140000,136800,137600,565205,-0.00872093023255814
20180517,140000,140600,139400,139400,461815,-0.01291248206599713
20180516,142400,143000,139600,140000,620065,-0.004285714285714286
20180515,142800,143600,142200,142200,399725,-0.015471167369901548
20180514,144000,144400,142800,143400,288745,-0.008368200836820083
20180511,144200,145800,142800,143400,547725,0.0
20180510,146000,147000,143600,144000,416805,-0.004166666666666667
20180509,146000,148000,144600,145400,475655,-0.009628610729023384
20180508,145400,147600,144200,146200,487275,-0.005471956224350205
20180504,145000,147000,143400,143400,511785,0.019525801952580194
20180503,147800,149000,145200,145400,316640,-0.013755158184319119
20180502,145200,147800,144800,147600,509325,-0.014905149051490514
20180430,144200,144200,142400,143200,398655,0.030726256983240222
20180427,145000,145400,142400,143200,1049185,0.0
20180426,146400,149200,145000,145000,1071125,-0.012413793103448275
20180425,145200,150200,144800,148600,618915,-0.024226110363391656
20180424,147000,147000,144400,145000,497990,0.02482758620689655
20180423,145400,147600,145400,147000,312160,-0.013605442176870748
20180420,147600,149000,145200,145600,479485,0.009615384615384616
20180419,148400,149600,146800,147600,622595,-0.013550135501355014
20180418,150200,151600,150000,150400,416345,-0.018617021276595744
20180417,150800,151600,149000,149600,442125,0.0053475935828877
20180416,153000,153000,150000,150200,392100,-0.0039946737683089215
20180413,151600,153200,150600,152800,341355,-0.017015706806282723
20180412,153800,154200,151000,151400,559025,0.009247027741083224
20180411,154400,156200,153800,154200,308250,-0.018158236057068743
20180410,154200,156600,153800,155000,395640,-0.005161290322580645
20180409,153800,154800,152800,154800,290395,0.0012919896640826874
20180406,155200,156400,153200,154000,384070,0.005194805194805195
20180405,152800,155800,152400,155800,472310,-0.011553273427471117
20180404,156400,157200,149400,150800,829645,0.033156498673740056
20180403,159600,159800,156000,157000,341015,-0.03949044585987261
20180402,156600,158400,156400,157000,398100,0.0
20180330,158800,159800,157200,158400,288805,-0.008838383838383838
20180329,156800,158000,155600,157200,337800,0.007633587786259542
20180328,157400,158600,155400,156800,262300,0.002551020408163265
20180327,160000,160000,157200,157800,283160,-0.0063371356147021544
20180326,155600,158000,155400,157800,276195,0.0
20180323,157600,158400,156000,156600,489340,0.007662835249042145
20180322,159800,161000,159600,160600,336730,-0.024906600249066
20180321,159000,159600,158400,158800,424565,0.011335012594458438
20180320,155400,159200,154800,159000,441955,-0.0012578616352201257
20180319,160200,160400,156400,157000,600070,0.012738853503184714
20180316,163200,163400,159400,160200,717990,-0.019975031210986267
20180315,162600,164800,161400,164000,341525,-0.023170731707317073
20180314,162600,162800,160200,161800,376640,0.013597033374536464
20180313,161200,165200,160600,164000,606115,-0.013414634146341463
20180312,161600,163000,160800,161200,345055,0.017369727047146403
20180309,160600,162800,159400,160400,429025,0.004987531172069825
20180308,159600,159800,158200,159800,396090,0.0037546933667083854
20180307,160800,161000,158200,159000,360550,0.005031446540880503
20180306,157200,160000,156400,159200,390060,-0.001256281407035176
20180305,157200,158000,155800,155800,395610,0.021822849807445442
20180302,158800,160000,154400,157200,1086525,-0.008905852417302799
20180228,161600,163600,160400,160600,1951325,-0.021170610211706103
20180227,162000,162600,160200,160800,714890,-0.0012437810945273632
20180226,166800,166800,161600,162000,635640,-0.007407407407407408
20180223,166200,168400,164000,165800,354320,-0.022919179734620022
20180222,166200,167400,163800,165400,361210,0.0024183796856106408
20180221,162000,167200,161800,166600,707840,-0.007202881152460984
20180220,163600,163600,160800,161400,336005,0.0322180916976456
20180219,166000,166000,163000,164000,416685,-0.015853658536585366
20180214,162400,163800,161600,162200,370820,0.011097410604192354
20180213,162600,164400,160600,161000,685125,0.007453416149068323
20180212,163400,163400,159600,160000,953715,0.00625
20180209,163400,166000,161200,161600,790350,-0.009900990099009901
20180208,172000,172000,168400,168600,514750,-0.04151838671411625
20180207,174000,174400,168000,168600,478815,0.0
20180206,172800,175600,167600,170200,772695,-0.009400705052878966
20180205,181000,181000,175400,175800,484835,-0.03185437997724687
20180202,186000,186400,180400,181000,410755,-0.028729281767955802
20180201,182000,186400,181800,184600,403035,-0.01950162513542795
20180131,186600,189000,182000,182000,625920,0.014285714285714285
20180130,185600,190000,184600,186200,510590,-0.022556390977443608
20180129,184600,189600,184400,186400,514580,-0.001072961373390558
20180126,182600,185800,182000,185400,556845,0.005393743257820928
20180125,175600,184400,173400,182600,845950,0.01533406352683461
20180124,177800,177800,174000,175600,590605,0.03986332574031891
20180123,179800,179800,176800,177800,402375,-0.012373453318335208
20180122,176800,178600,176400,178600,377715,-0.004479283314669653
20180119,181000,181400,176000,176200,502825,0.01362088535754824
20180118,178600,181200,178600,180600,451540,-0.024363233665559248
20180117,180600,181200,177600,177600,535130,0.016891891891891893
20180116,183800,184800,178600,180600,476510,-0.016611295681063124
20180115,183400,185000,182200,184200,296000,-0.019543973941368076
20180112,184000,186000,180200,181800,447070,0.013201320132013201
20180111,185600,186800,181800,183400,469270,-0.008724100327153763
20180110,188600,195000,185400,185600,600485,-0.011853448275862068
20180109,188800,190400,186600,188800,390135,-0.01694915254237288
20180108,183000,190600,181600,190000,981690,-0.00631578947368421
20180105,178600,183600,176000,181600,684055,0.046255506607929514
20180104,175800,179400,174600,178600,650560,0.0167973124300112
20180103,175200,176800,172800,174200,423950,0.02525832376578645
20180102,174200,177000,174000,177000,467935,-0.015819209039548022
20171228,176000,176200,172000,174000,326850,0.017241379310344827
20171227,174400,175600,173200,175400,286780,-0.00798175598631699
20171226,173000,176000,171800,174800,519025,0.003432494279176201
20171222,170000,172800,168600,172400,437290,0.013921113689095127
20171221,169800,170600,166800,168400,413485,0.023752969121140142
20171220,171800,173600,169800,169800,341705,-0.008244994110718492
20171219,172600,174000,170000,171000,398335,-0.007017543859649123
20171218,168800,173000,168000,172000,590485,-0.005813953488372093
20171215,168200,168800,167400,168800,455680,0.018957345971563982
20171214,168400,169800,167000,167000,715485,0.010778443113772455
20171213,165800,168400,164800,168200,358000,-0.007134363852556481
20171212,164400,169000,164400,165600,365095,0.01570048309178744
20171211,166000,167000,164000,165200,288000,0.002421307506053269
20171208,167000,167600,164200,166000,294465,-0.004819277108433735
20171207,166800,169600,165800,167400,775000,-0.008363201911589008
20171206,166600,166800,164800,165200,345995,0.013317191283292978
20171205,168000,168600,166200,166600,320020,-0.008403361344537815
20171204,167400,169600,165600,167800,680135,-0.007151370679380214
20171201,161800,166600,160200,166200,766425,0.009626955475330927
20171130,162200,162200,160000,160000,786660,0.03875
20171129,161000,162800,160400,162400,459090,-0.014778325123152709
20171128,159800,162200,159200,161400,476860,0.006195786864931847
20171127,161600,161800,157600,159000,586930,0.01509433962264151
20171124,160000,162400,159400,162000,341275,-0.018518518518518517
20171123,161000,161400,158800,160200,338095,0.011235955056179775
20171122,162800,163000,159600,160200,477160,0.0
20171121,160400,162000,159600,161600,398410,-0.008663366336633664
20171120,161600,161800,159200,160200,429465,0.008739076154806492
20171117,161400,164400,160400,161000,726375,-0.004968944099378882
20171116,161000,161600,159600,160400,432550,0.003740648379052369
20171115,161000,161600,158400,161000,455915,-0.0037267080745341614
20171114,164400,164400,160400,161000,592160,0.0
20171113,162200,164800,161400,163800,470865,-0.017094017094017096
20171110,164400,166000,161400,162800,786245,0.006142506142506142
20171109,168600,168800,164800,165000,883010,-0.013333333333333334
20171108,170800,171200,168400,169800,513455,-0.028268551236749116
20171107,174400,174400,170000,172000,422140,-0.012790697674418604
20171106,172000,174800,171000,172200,322075,-0.0011614401858304297
20171103,170400,173600,170000,172600,314870,-0.002317497103128621
20171102,172000,174600,171000,171200,352770,0.008177570093457943
20171101,174000,175800,170600,172000,1160390,-0.004651162790697674
20171031,175000,179200,173600,178800,655095,-0.03803131991051454
20171030,177400,179800,174000,175200,528590,0.02054794520547945
20171027,172000,175800,172000,175800,1183225,-0.0034129692832764505
20171026,168800,170800,166000,168000,1711705,0.04642857142857143
20171025,160000,162200,159000,160800,466290,0.04477611940298507
20171024,159400,162000,159000,160200,277285,0.003745318352059925
20171023,161200,162400,158600,159800,324350,0.0025031289111389237
20171020,163600,164600,158400,160200,515455,-0.0024968789013732834
20171019,163600,165200,161000,162200,896165,-0.012330456226880395
20171018,153600,163400,153600,163000,1098155,-0.0049079754601227
20171017,153400,154400,152800,153600,464470,0.061197916666666664
20171016,152800,153400,151800,152400,326530,0.007874015748031496
20171013,153600,153600,151600,152400,365215,0.0
20171012,150200,154400,150200,153600,572635,-0.0078125
20171011,150200,151000,149200,150200,296145,0.022636484687083888
20171010,149400,154000,148800,151200,822795,-0.006613756613756613
20170929,146600,149800,146600,149000,263995,0.01476510067114094
20170928,146000,149000,146000,146600,543805,0.01637107776261937
20170927,150000,150400,146800,146800,460270,-0.0013623978201634877
20170926,149200,151000,147200,150600,379215,-0.025232403718459494
20170925,152000,152600,149800,150800,369320,-0.001326259946949602
20170922,153000,155000,151000,152800,324805,-0.013089005235602094
20170921,155400,156200,152000,152600,338785,0.001310615989515072
20170920,154800,157400,153400,156600,431835,-0.02554278416347382
20170919,155000,155400,152800,154000,369870,0.016883116883116882
20170918,152400,157200,152200,156200,614480,-0.014084507042253521
20170915,152800,152800,150400,152000,496310,0.02763157894736842
20170914,146000,153800,145800,153000,1132945,-0.006535947712418301
20170913,146600,147000,145000,145800,371380,0.04938271604938271
20170912,144600,148400,143600,147000,415155,-0.00816326530612245
20170911,145400,145400,143400,144000,377585,0.020833333333333332
20170908,145000,146600,144800,145400,354400,-0.009628610729023384
20170907,147200,147400,146000,146000,340875,-0.00410958904109589
20170906,145800,147800,145000,147400,401195,-0.009497964721845319
20170905,145600,148400,145400,147200,487885,0.001358695652173913
20170904,144800,146800,144800,145200,702385,0.013774104683195593
20170901,151400,152200,149000,149200,732700,-0.02680965147453083
20170831,153800,154000,150200,151000,991250,-0.011920529801324504
20170830,155600,156600,154200,154800,564995,-0.02454780361757106
20170829,155800,156000,153400,155600,528455,-0.005141388174807198
20170828,156200,158600,155800,156600,545185,-0.006385696040868455
20170825,154200,157400,154200,156000,413035,0.0038461538461538464
20170824,154000,154800,153200,154200,584980,0.011673151750972763
20170823,154400,156200,154000,154600,485075,-0.00258732212160414
20170822,156200,156200,152600,153400,1149490,0.007822685788787484
20170821,156800,157000,155000,156200,202420,-0.01792573623559539
20170818,154600,157000,154600,156800,263105,-0.003826530612244898
20170817,156200,157200,155200,155400,367040,0.009009009009009009
20170816,156000,158000,155800,157400,349085,-0.012706480304955527
20170814,161400,161400,155200,155800,396985,0.010269576379974325
20170811,156200,159600,156000,159000,269710,-0.02012578616352201
20170810,158800,160400,158200,158800,367510,0.0012594458438287153
20170809,159600,161400,159400,159600,259865,-0.005012531328320802
20170808,160200,163200,160000,162000,520245,-0.014814814814814815
20170807,155400,160600,153600,159200,744615,0.017587939698492462
20170804,155800,157000,155200,155200,336765,0.02577319587628866
20170803,158800,159600,155000,155600,674650,-0.002570694087403599
20170802,158400,160000,158200,159000,418455,-0.021383647798742137
20170801,158800,160400,158000,159200,414640,-0.001256281407035176
20170731,159800,161600,157200,160600,438425,-0.008717310087173101
20170728,164200,164800,159800,159800,629375,0.0050062578222778474
20170727,164000,165800,163800,165000,352395,-0.03151515151515152
20170726,168000,168200,163800,165000,411715,0.0
20170725,166800,167600,164800,167400,329950,-0.014336917562724014
20170724,167400,167600,164200,166600,342805,0.004801920768307323
20170721,166400,168000,166400,167800,303995,-0.007151370679380214
20170720,166600,168400,165400,167000,318190,0.004790419161676647
20170719,166200,168400,166000,167000,347190,0.0
20170718,168200,168800,165200,166000,316460,0.006024096385542169
20170717,168000,168800,167000,167800,424760,-0.010727056019070322
20170714,165800,167800,165200,167800,493310,0.0
20170713,163400,167400,163400,166000,459420,0.010843373493975903
20170712,166200,167800,163000,164200,354560,0.010962241169305725
20170711,162600,167000,162600,166000,413570,-0.010843373493975903
20170710,165800,166800,162600,162600,471615,0.020910209102091022
20170707,165000,168200,164400,167600,465745,-0.029832935560859187
20170706,166800,167000,163600,165000,541180,0.01575757575757576
20170705,167400,168000,166200,167000,325600,-0.011976047904191617
20170704,168000,169400,167400,168000,224630,-0.005952380952380952
20170703,168800,170000,166600,168800,320725,-0.004739336492890996
20170630,169000,170000,167000,167600,559895,0.007159904534606206
20170629,172800,173600,170200,170600,360930,-0.017584994138335287
20170628,171600,173000,170200,172200,506555,-0.009291521486643438
20170627,178000,180400,173200,173800,3431730,-0.009205983889528193
20170626,178200,180600,176200,177600,294740,-0.021396396396396396
20170623,176800,179200,175000,177400,308105,0.0011273957158962795
20170622,175600,177600,174200,176000,296625,0.007954545454545454
20170621,171400,176200,166400,176000,488765,0.0
20170620,178400,178600,172800,173200,419665,0.016166281755196306
20170619,177400,179600,175200,175600,317660,-0.01366742596810934
20170616,177800,178400,174600,178400,483825,-0.01569506726457399
20170615,176000,179200,175800,177000,384370,0.007909604519774011
20170614,179600,182800,175000,176600,665990,0.0022650056625141564
20170613,179000,183800,178200,179000,563110,-0.013407821229050279
20170612,185200,186600,179000,179000,991915,0.0
20170609,179000,195000,178800,192000,917310,-0.06770833333333333
20170608,177000,178600,175400,178000,525280,0.07865168539325842
20170607,175200,177600,174200,175200,420540,0.01598173515981735
20170605,170800,177400,170800,175200,521740,0.0
20170602,168600,172800,168600,172800,343200,0.013888888888888888
20170601,170000,172000,168400,168400,275535,0.026128266033254157
20170531,169800,172800,168600,169000,477640,-0.0035502958579881655
20170530,171200,171800,169000,170400,335805,-0.008215962441314555
20170529,172000,172800,170400,171200,227025,-0.004672897196261682
20170526,172000,172600,170800,171000,308290,0.0011695906432748538
20170525,171000,171600,169600,170400,334035,0.0035211267605633804
20170524,170000,171000,168400,170400,458045,0.0
20170523,169200,170000,167600,168400,372980,0.011876484560570071
20170522,169600,169600,166800,169400,350695,-0.0059031877213695395
20170519,164400,166600,164400,166400,625785,0.018028846153846152
20170518,165800,166400,163400,164800,294995,0.009708737864077669
20170517,167000,167600,165800,166400,366720,-0.009615384615384616
20170516,167800,170000,166000,167800,274785,-0.00834326579261025
20170515,170600,170800,166800,167800,237630,0.0
20170512,172800,173000,168400,169600,382985,-0.01061320754716981
20170511,168200,173200,167400,173200,874490,-0.020785219399538105
20170510,171800,175600,164600,164800,705380,0.050970873786407765
20170508,164600,169000,163000,169000,669455,-0.02485207100591716
20170504,161200,164600,160600,164600,440910,0.026731470230862697
20170502,160000,161400,158000,160200,543710,0.02746566791510612
20170428,158200,160600,158200,160000,562865,0.00125
20170427,159200,160000,157000,158200,845670,0.011378002528445006
20170426,163000,163200,160800,161400,805525,-0.01982651796778191
20170425,163000,163000,160600,163000,756755,-0.0098159509202454
20170424,162200,162600,161000,162000,434330,0.006172839506172839
20170421,160200,162600,159200,162600,429565,-0.0036900369003690036
20170420,157000,160000,156200,159200,491485,0.02135678391959799
20170419,155600,157000,155400,155400,414170,0.02445302445302445
20170418,158200,158200,155400,155600,271110,-0.0012853470437017994
20170417,156000,158600,154600,157000,277915,-0.008917197452229299
20170414,159600,162200,157200,157400,298945,-0.0025412960609911056
20170413,154600,160600,154000,160400,865200,-0.018703241895261846
20170412,154600,155400,151400,153600,1027245,0.044270833333333336
20170411,162000,162200,153400,154000,1315330,-0.0025974025974025974
20170410,164600,165600,162200,163600,357030,-0.05867970660146699
20170407,167400,168400,165000,165600,288355,-0.012077294685990338
20170406,167600,168000,165200,168000,360515,-0.014285714285714285
20170405,171400,171800,167000,168600,498370,-0.0035587188612099642
20170404,173600,173800,169200,170000,297970,-0.00823529411764706
20170403,171000,175600,168600,174600,274420,-0.026345933562428408
20170331,172200,174000,170800,171000,250130,0.021052631578947368
20170330,173000,174800,171200,172200,285375,-0.006968641114982578
20170329,171800,173000,170800,172800,293580,-0.003472222222222222
20170328,177000,177200,170200,170600,412375,0.012895662368112544
20170327,173000,178400,173000,177000,302295,-0.03615819209039548
20170324,172800,176000,172800,174400,278930,0.014908256880733946
20170323,172000,174400,170200,172800,400310,0.009259259259259259
20170322,174000,174200,169200,169800,396060,0.0176678445229682
20170321,165600,174400,165000,174200,750975,-0.02525832376578645
20170320,166000,166000,162000,163600,296465,0.0647921760391198
20170317,165000,166600,163800,165400,295345,-0.010882708585247884
20170316,166800,167000,163400,163800,266575,0.009768009768009768
20170315,163400,165200,162000,164000,203935,-0.0012195121951219512
20170314,165400,166600,162200,163000,472435,0.006134969325153374
20170313,160000,166600,159800,165200,417320,-0.013317191283292978
20170310,157800,160400,156600,160000,244535,0.0325
20170309,160200,161200,157800,157800,378925,0.01394169835234474
20170308,159600,161400,158200,160000,281890,-0.01375
20170307,160000,161200,158800,159800,241580,0.0012515644555694619
20170306,162000,163400,159000,160000,289975,-0.00125
20170303,163200,167800,158800,161800,491510,-0.011124845488257108
20170302,159800,163800,158000,163000,754810,-0.007361963190184049
20170228,158800,160000,155200,155200,486990,0.05025773195876289
20170227,160000,161400,158400,159200,169475,-0.02512562814070352
20170224,160600,161400,158600,160600,385865,-0.008717310087173101
20170223,161000,163000,160800,161600,484775,-0.006188118811881188
20170222,157600,160000,157200,159400,536860,0.013801756587202008
20170221,155600,158600,155200,158000,577870,0.008860759493670886
20170220,154600,156800,154400,156200,375210,0.011523687580025609
20170217,154600,157000,154400,156000,521705,0.001282051282051282
20170216,154000,155400,153800,155400,369105,0.003861003861003861
20170215,153800,155400,153600,154600,332175,0.00517464424320828
20170214,157000,158000,153200,154000,599535,0.003896103896103896
20170213,160000,160600,157600,159000,296900,-0.031446540880503145
20170210,159000,159000,157400,159000,337445,0.0
20170209,157600,159200,156600,157400,510115,0.010165184243964422
20170208,159800,159800,158200,159000,388215,-0.010062893081761006
20170207,155600,160400,155000,160000,675555,-0.00625
20170206,156200,156200,154400,155800,635145,0.026957637997432605
20170203,154000,155200,153400,154800,712070,0.006459948320413436
20170202,155200,156000,154000,154400,605250,0.0025906735751295338
20170201,152200,154800,152000,154200,462705,0.0012970168612191958
20170131,150000,153400,148600,151600,638050,0.017150395778364115
20170126,150200,152600,147200,150600,1372095,0.006640106241699867
20170125,152600,153600,152000,152600,595025,-0.01310615989515072
20170124,154200,154200,152000,152200,534400,0.002628120893561104
20170123,155600,155800,152600,154200,453340,-0.01297016861219196
20170120,159400,159600,157000,157000,367175,-0.017834394904458598
20170119,157400,161200,157400,160200,339055,-0.019975031210986267
20170118,160000,160000,157400,157600,275880,0.01649746192893401
20170117,157400,159400,156400,159000,254710,-0.00880503144654088
20170116,158400,160200,154800,158800,275210,0.0012594458438287153
20170113,160400,161000,157400,158000,341155,0.005063291139240506
20170112,159800,163000,159200,160400,281945,-0.014962593516209476
20170111,157200,160400,157200,159200,243710,0.007537688442211055
20170110,157400,158600,155800,158400,236860,0.005050505050505051
20170109,158200,159800,155400,155800,383440,0.01668806161745828
20170106,158200,160200,157200,159800,251345,-0.025031289111389236
20170105,162000,162000,158200,158200,343620,0.010113780025284451
20170104,155000,162000,154200,162000,601795,-0.02345679012345679
20170103,155400,155400,153400,153400,258830,0.0560625814863103
20170102,155600,157400,155000,155400,153885,-0.01287001287001287
